epoch,loss_cov,loss_marginal,step
0,0.08888600021600723,0.17797726392745972,127
