epoch,loss_cov,loss_marginal,step
0,0.10063328593969345,0.2799896001815796,127
