epoch,loss_cov,loss_marginal,step
0,0.17301207780838013,0.31575876474380493,49
0,0.16724851727485657,0.30301418900489807,99
1,0.1673905849456787,0.303246408700943,149
