epoch,loss,loss_corr,loss_marginal,step
0,0.46415409445762634,0.14291930198669434,0.3212348222732544,15
