epoch,loss_cov,loss_marginal,step
0,0.09086298197507858,0.18632349371910095,127
