epoch,loss_cov,loss_marginal,step
0,0.17241401970386505,1.001889944076538,31
