epoch,loss_cov,loss_marginal,step
0,0.21993908286094666,1.2181401252746582,31
