epoch,loss,loss_corr,loss_marginal,step
0,0.5234813690185547,0.16685406863689423,0.35662737488746643,15
