epoch,loss,loss_corr,loss_marginal,step
0,0.4917203485965729,0.13887733221054077,0.3528430759906769,15
