epoch,loss_cov,loss_marginal,step
0,0.1457468718290329,0.09740851074457169,49
0,0.12382639199495316,0.08097973465919495,99
